{"cameraMode":{"drawMode":0,"name":"Shaded","section":"Shading Mode"},"sceneLighting":false,"audioPlay":false,"sceneViewState":{"showFog":true,"showMaterialUpdate":false,"showSkybox":false,"showFlares":true,"showImageEffects":true,"showParticleSystems":true},"in2DMode":false,"pivot":{"x":4.734338760375977,"y":3.389422655105591,"z":0.11957333981990814},"rotation":{"x":-0.08654055744409561,"y":0.9007043838500977,"z":-0.21071313321590424,"w":-0.3699221611022949},"size":1.6697828769683838,"orthographic":true}