{"cameraMode":{"drawMode":0,"name":"Shaded","section":"Shading Mode"},"sceneLighting":true,"audioPlay":false,"sceneViewState":{"showFog":true,"showMaterialUpdate":false,"showSkybox":true,"showFlares":true,"showImageEffects":true,"showParticleSystems":true},"in2DMode":false,"pivot":{"x":-323.90911865234377,"y":364.3594970703125,"z":-55.249542236328128},"rotation":{"x":-0.038942381739616397,"y":-0.049442358314991,"z":-0.0019292450742796064,"w":0.9980157017707825},"size":2791.026611328125,"orthographic":false}