{"cameraMode":{"drawMode":0,"name":"Shaded","section":"Shading Mode"},"sceneLighting":true,"audioPlay":false,"sceneViewState":{"showFog":true,"showMaterialUpdate":false,"showSkybox":true,"showFlares":true,"showImageEffects":true,"showParticleSystems":true},"in2DMode":false,"pivot":{"x":-78.44064331054688,"y":-437.884033203125,"z":-102.62628173828125},"rotation":{"x":0.06119585037231445,"y":0.6171454787254334,"z":-0.04823499545454979,"w":0.7829814553260803},"size":333.8673400878906,"orthographic":false}