{"cameraMode":{"drawMode":0,"name":"Shaded","section":"Shading Mode"},"sceneLighting":false,"audioPlay":false,"sceneViewState":{"showFog":true,"showMaterialUpdate":false,"showSkybox":false,"showFlares":true,"showImageEffects":true,"showParticleSystems":true},"in2DMode":false,"pivot":{"x":0.0007243156433105469,"y":-1.170009970664978,"z":-25.497024536132814},"rotation":{"x":2.0623424745735975e-7,"y":0.07044164091348648,"z":2.2012851985664385e-8,"w":-0.9975159764289856},"size":28.635133743286134,"orthographic":false}