{"cameraMode":{"drawMode":0,"name":"Shaded","section":"Shading Mode"},"sceneLighting":true,"audioPlay":false,"sceneViewState":{"showFog":true,"showMaterialUpdate":false,"showSkybox":true,"showFlares":true,"showImageEffects":true,"showParticleSystems":true},"in2DMode":false,"pivot":{"x":-4.878344535827637,"y":329.73504638671877,"z":-122.34172058105469},"rotation":{"x":-0.6871896386146545,"y":-0.05644905939698219,"z":-0.053706277161836627,"w":0.7222877740859985},"size":269.93719482421877,"orthographic":false}