{"cameraMode":{"drawMode":0,"name":"Shaded","section":"Shading Mode"},"sceneLighting":true,"audioPlay":false,"sceneViewState":{"showFog":true,"showMaterialUpdate":false,"showSkybox":true,"showFlares":true,"showImageEffects":true,"showParticleSystems":true},"in2DMode":false,"pivot":{"x":5.653753757476807,"y":0.8794384002685547,"z":15.658304214477539},"rotation":{"x":-0.18068921566009522,"y":0.03598622977733612,"z":-0.006615916732698679,"w":-0.9828594326972961},"size":963.311279296875,"orthographic":false}